<?xml version="1.0" encoding="UTF-8"?>
<project-private xmlns="http://www.netbeans.org/ns/project-private/1">
    <editor-bookmarks xmlns="http://www.netbeans.org/ns/editor-bookmarks/2" lastBookmarkId="0"/>
    <open-files xmlns="http://www.netbeans.org/ns/projectui-open-files/2">
        <group>
            <file>file:/C:/Users/safeer/AppData/Local/NetBeans/Cofe2/src/cofe2/Login.java</file>
            <file>file:/C:/Users/safeer/AppData/Local/NetBeans/Cofe2/src/cofe2/deo/tables.java</file>
            <file>file:/C:/Users/safeer/AppData/Local/NetBeans/Cofe2/src/cofe2/PlaceOrder.java</file>
            <file>file:/C:/Users/safeer/AppData/Local/NetBeans/Cofe2/src/cofe2/deo/BillDao.java</file>
            <file>file:/C:/Users/safeer/AppData/Local/NetBeans/Cofe2/test/cofe2/LoginTest.java</file>
            <file>file:/C:/Users/safeer/AppData/Local/NetBeans/Cofe2/src/cofe2/deo/CategoryDao.java</file>
            <file>file:/C:/Users/safeer/AppData/Local/NetBeans/Cofe2/src/cofe2/AddNewProduct.java</file>
            <file>file:/C:/Users/safeer/AppData/Local/NetBeans/Cofe2/src/cofe2/deo/UserDao.java</file>
            <file>file:/C:/Users/safeer/AppData/Local/NetBeans/Cofe2/src/cofe2/deo/ConnectionProvder.java</file>
            <file>file:/C:/Users/safeer/AppData/Local/NetBeans/Cofe2/src/cofe2/ManageCategory.java</file>
            <file>file:/C:/Users/safeer/AppData/Local/NetBeans/Cofe2/src/cofe2/deo/DbOperations.java</file>
            <file>file:/C:/Users/safeer/AppData/Local/NetBeans/Cofe2/src/common/OpenPdf.java</file>
        </group>
    </open-files>
</project-private>
